id,full name,phone,area,rank
1,tra ,1111111111,ha noi,
2,qw,1243657908,2,
3,Polly Boeck,4796570042,Indonesia,
4,Kendricks Kedslie,3069071626,Syria,
5,Claudian Fronks,1975013089,China,
6,Cherice Tulip,6576153793,France,
7,Petronille Barter,1651465515,Tunisia,
8,Granny Devon,1284494202,China,
9,Christiane Stearn,1919036539,Gabon,
10,Cris Curee,6126581833,United States,
11,Tresa MacAloren,2502423567,Panama,
12,Ase Eltune,1207987831,Brazil,
13,Renado Dorking,7328131663,Iran,
14,Quint McAlroy,2171477796,Belarus,
15,Orazio Peele,5869541503,China,
16,Donny Shillabear,8249589334,China,
17,Kris Brinkworth,9008954949,Brazil,
18,Mikkel Von Salzberg,9359933825,Hungary,
19,Melva Kislingbury,3906255699,Philippines,
20,Joby Skip,9474152004,Peru,
21,Margret McDirmid,3962248120,Poland,
22,Fidelia Crenshaw,8282823762,Thailand,
23,Lesly Vlasin,4804506213,Mexico,
24,Glenna Sallenger,1297847665,Thailand,
25,Harriet Casserly,4502909079,China,
26,Wandie Hollingdale,1616080555,Kenya,
27,Kort Exley,2897490293,China,
28,Rutter Graffin,3915974280,France,
29,Sari Cochern,7842074571,Portugal,
30,Juana Andrin,7603943921,Poland,
31,Tisha Humble,6333656428,United Kingdom,
32,Ulrikaumeko Cashley,8231316330,Ivory Coast,
33,Ellene Oliphant,2939063081,Mexico,
34,Hadrian Pirnie,1575783739,Ecuador,
35,Augustine Vigus,1899324328,Venezuela,
36,Leonardo Schoffel,2753650954,China,
37,Rois Djekovic,6331746155,Philippines,
38,Kahaleel Ferrari,3907060079,Indonesia,
39,Maribel Cristofari,8624892140,Swaziland,
40,Juliet Brandreth,9493629624,Argentina,
41,Abbey Littrik,4674680518,China,
42,Penny Kopfer,4247783715,Sweden,
43,Remington Baison,5869809634,Argentina,
44,Jori Linley,2834466012,Brazil,
45,Electra Deshorts,7913350446,Haiti,
46,Waly Macoun,4683228625,Armenia,
47,Renault Ternent,4321227217,Indonesia,
48,Roana Hagart,5783483550,China,
49,Shelley Young,2673494080,Mexico,
50,Walden Andree,5376516562,China,
51,Noreen Scimonelli,9966221893,Brazil,
52,Auberon Fantone,3014262169,Guatemala,
53,Keene Birt,4935139866,Honduras,
54,Torrie Cord,7859216645,United States,
55,Chadd Gaul,5112399360,Kosovo,
56,Dosi Potten,1761179277,Japan,
57,Gabbi Brayshay,8282229843,Honduras,
58,Carmencita Robbe,2384907933,Vietnam,
59,Estrella Moule,6939828026,Philippines,
60,Isak Sarll,9697104459,Guatemala,
61,Anne-corinne Franzen,7508202730,France,
62,Lanni Grocott,9036492891,Czech Republic,
63,Carter Lutwidge,2806578366,China,
64,Cecilla Piaggia,9531433908,Philippines,
65,Maxie Webb,3419975882,Indonesia,
66,Romonda Rodrig,8279451605,Belarus,
67,Lyndsey Dumbar,5225401412,South Korea,
68,Kenyon Govini,8913209177,China,
69,Fulvia Haseldine,1804844892,China,
70,Hy Carrack,8246607080,Kosovo,
71,Chelsea Lodwick,5313465637,China,
72,Dory O' Hogan,9814615133,Poland,
73,Halie Crosthwaite,1958585992,Russia,
74,Elsbeth Jukubczak,1604676011,Guatemala,
75,Noll Usher,1302270838,China,
76,Conrade Guilayn,1684455092,Portugal,
77,Tris Elcoat,8828402895,Malta,
78,Iorgo Danels,9567153950,Poland,
79,Mellie Gercken,8194580174,Czech Republic,
80,Anne Winnard,3449394264,China,
81,Reeba Cowser,3077406467,Colombia,
82,Des Von Der Empten,7973345946,China,
83,Wayland Gookey,9323053626,Mexico,
84,Caitrin Fullegar,2026924680,Indonesia,
85,Gabrila Pengilley,4891086005,Sweden,
86,Andonis Menendes,2204791436,France,
87,Talia Quarrie,5671693779,Estonia,
88,Jilly Ide,2281107376,Palestinian Territory,
89,Cordey MacInnes,7748910714,Russia,
90,Roxi Squirrell,8183865846,Afghanistan,
91,Iosep Carnock,4153276173,Russia,
92,Andie Clute,5533976090,Mongolia,
93,Nariko Burnes,7461046971,Philippines,
94,Selia Heinke,3058131884,United States,
95,Mireille Weir,9434439509,Poland,
96,Marthe Etches,9646394417,China,
97,Trace Cardiff,7794854501,China,
98,Nancey Melmar,7133535457,Kazakhstan,
99,Christi Durrand,2473803728,Sweden,
100,Ardis Eliassen,8316047313,China,
101,Candide Duprey,4044584181,Cyprus,
102,Davon Yellep,5777073951,El Salvador,
103,Stormie Pickworth,8649233376,Indonesia,
104,Waldemar Miliffe,8729256614,Poland,
105,Rolfe Hassett,6984452904,Philippines,
106,Eloise Ibbett,9986252449,Japan,
107,Ewen Kenford,7796741778,France,
108,Lyndel McKennan,5531622923,Ukraine,
109,Forester Sturte,4128177845,Ecuador,
110,Rosella Pidgeon,2563444042,China,
111,Konstantin Clipsham,3365710541,France,
112,Gale Mosedale,9299744097,Russia,
113,Clotilda Bainbrigge,9967402583,Czech Republic,
114,Eadith McVeigh,7069071225,Argentina,
115,Merrielle Gleaves,6827505195,Canada,
116,Eugenio Marie,3397216178,Albania,
117,Leslie Coryndon,6798343945,Indonesia,
118,Saidee Mustin,9795366378,Germany,
119,Verney Swann,7313620065,Russia,
120,Aileen Guice,4814685756,Indonesia,
121,Daloris Jarvie,6321075896,Ethiopia,
122,Bennett Berzins,8619134686,Egypt,
123,Valentine Guidotti,2188400525,Sweden,
124,Chaddy Berggren,4465976452,China,
125,Bertha Fletham,3233041041,Indonesia,
126,Dalia Gammidge,3302932161,China,
127,Dunstan Wind,4667069465,Colombia,
128,Garvy Denacamp,6615636086,Mexico,
129,Wynnie Gainforth,5293492400,Azerbaijan,
130,Levey Dain,8037073929,Czech Republic,
131,Anetta Mackney,2987918771,Poland,
132,Clarke Slide,2159428674,China,
133,Caty Arington,8089360863,United States,
134,Jolyn Brixey,5376488561,Italy,
135,Jessika Vanichkov,1691525707,Colombia,
136,Sascha Berndtsson,3714778056,France,
137,Robinia Pointer,4701292324,Argentina,
138,Arnie Beenham,1924567724,Poland,
139,Bili Brobak,7826536780,Russia,
140,Meade Ianilli,2396748997,Indonesia,
141,Edmund Spurman,1899202002,Russia,
142,Cam Farre,3105433883,Russia,
143,Billie Doncom,6166236838,Indonesia,
144,Moishe De Metz,8121395491,United States,
145,Robinett Plinck,9762026291,Ukraine,
146,Nari Mattingson,8453441938,France,
147,Leif White,9357682061,Libya,
148,Yevette Lightowler,3642578283,Afghanistan,
149,Jedediah Remmer,3065595887,Honduras,
150,Ertha Klimes,8974066275,Jordan,
151,Blane Cambling,6076227104,United States,
152,Eugenie Gillmore,6713495369,China,
153,Abbey Mattock,5936766244,Russia,
154,Itch Stoter,1066773967,China,
155,Cliff Caton,2382377005,Nigeria,
156,Lucais Tumber,3646482460,Latvia,
157,Theadora Filip,9091031811,Brazil,
158,Billie Easey,8209988218,China,
159,Craig Bartul,5555573863,Peru,
160,Llewellyn Byng,1988735672,Sweden,
161,Dougy Whitewood,9381052723,Indonesia,
162,Melita Kusick,1988752680,Panama,
163,Merwyn D'Aulby,8125854399,Philippines,
164,Corbie Schwerin,6134356381,Brazil,
165,Garwin Eaves,7294248045,Mongolia,
166,Kaila Retallack,2427146055,Cuba,
167,Ram Tolworthy,5505029884,Finland,
168,Bunny Mecozzi,2009113428,China,
169,Sharona Nairy,2926792125,Italy,
170,Emalee Tullett,2023484722,Guatemala,
171,Hillard Schwant,7588469054,Venezuela,
172,Sayre Rimer,4724113175,Sweden,
173,Lynna McCowen,5701988911,United States,
174,Verina Dahler,8551922754,Russia,
175,Aharon Alderman,2792552094,China,
176,Agretha Theodore,8077788368,China,
177,Viviyan Dorking,3384596381,Albania,
178,Hal Davenhall,7624782593,Armenia,
179,Frederic Mcsarry,1286451203,Indonesia,
180,Ginnie Ortells,3236868610,Spain,
181,Leupold Fakeley,6544783729,Indonesia,
182,Florette Ekless,4649733999,Argentina,
183,Gasparo McDonnell,7592378468,Tanzania,
184,Solly Sallows,3858680052,Russia,
185,Phyllys Domniney,8893535159,Indonesia,
186,Rheta Cockett,4897755266,Greece,
187,Sidonia Warrener,5746406470,China,
188,Christen Alvar,3322642965,Russia,
189,Nealson Beresfore,8217952698,Indonesia,
190,Lonnie Renahan,4366426729,Brazil,
191,Neile Febre,6172875212,Philippines,
192,Alic Claris,5835558963,Poland,
193,Flor Bernade,5809067702,Poland,
194,Lainey McMakin,7888579346,Indonesia,
195,Felecia Egglestone,3769933656,Denmark,
196,Nigel Abrahamoff,2923622216,Japan,
197,Zonnya Petracchi,8557103239,Moldova,
198,Michaeline Spir,7287501700,Dominican Republic,
199,Elwyn Pocklington,7451555816,China,
200,Jessa Fulop,8938734309,Thailand,
201,Enrika Wordesworth,8473708544,Iran,
202,Bevan Akers,7883357161,Colombia,
203,Jermaine Sinton,5937429270,Greece,
204,Melinde Helks,3037069715,Uganda,
205,Collete Coplestone,3858399453,Brazil,
206,Shaylynn Josefs,5173356142,Sierra Leone,
207,Calhoun Skivington,9018177574,China,
208,Winthrop Jelfs,4732356571,Peru,
209,Lawrence Bendare,1396551144,Spain,
210,Loni Dilawey,7851881351,Portugal,
211,Carlotta Tennock,3307396844,China,
212,Keven Briscam,4932913655,Spain,
213,Lynette Marrian,8866133469,Kosovo,
214,Somerset Duignan,5876388763,Indonesia,
215,Benn Clines,9768808163,Afghanistan,
216,Marchall McCartney,8838480424,Indonesia,
217,Ario O'Driscole,1858759656,Poland,
218,Tiffi Fasson,9063145219,Honduras,
219,Wash Craven,4286368363,Palestinian Territory,
220,Olympia Hancox,6008332590,Pakistan,
221,Major Turbard,1543093860,Pakistan,
222,Silvain Bradden,1639390825,Philippines,
223,Paola Wagg,2972807966,China,
224,Lilli Medina,5016874670,Brazil,
225,Dew Shipcott,6977314280,Ukraine,
226,Claudetta de Verson,8012526040,United States,
227,Rodina Eudall,6015121514,China,
228,Fee Jarrad,6491772788,China,
229,Odetta Branchett,7073032583,China,
230,Winny Allward,2389448058,Indonesia,
231,Ricard Rathke,1174974540,Norway,
232,Ariel Whitmell,5076792885,Poland,
233,Kaitlin Clinton,6468832251,Namibia,
234,Aubrie Pedel,2237265794,Syria,
235,Corbett Gallear,7577279306,China,
236,Barrie Karp,7063266880,Honduras,
237,Mada McPeck,4639482239,Central African Republic,
238,Appolonia Summerlee,3786233674,Indonesia,
239,Madelina Caser,1179779151,China,
240,Baudoin Penkman,5389818683,China,
241,Nathalie Crenage,1479130818,Portugal,
242,Jonie Chantrell,7447218805,France,
243,Brenden Nizet,6144683125,United States,
244,Alaric Betton,9968529270,China,
245,Prudy Greim,8623358888,Indonesia,
246,Nicoline Gerasch,4149402124,Tajikistan,
247,Rooney Farndale,6942176060,Iran,
248,Sauncho Clementel,9856331654,China,
249,Cassaundra Deinhard,5659732959,China,
250,Fernandina Matchett,4937764094,Fiji,
251,Layne Offin,9143063424,Ireland,
252,Jule Dawks,5209239323,Liberia,
253,Nelly Newlyn,1521191184,Palestinian Territory,
254,Marion Addison,3538963810,Canada,
255,Elia Mosten,4615597042,China,
256,Winston Howell,2196934771,Thailand,
257,Aron Bleazard,1817177798,Jamaica,
258,Danette Rushe,7065307059,Brazil,
259,Anetta Birkmyr,6861857923,Poland,
260,Johny Fresson,2057418563,Brazil,
261,Solomon Dumelow,6504827847,Indonesia,
262,Madelene Kneebone,7211299759,United Kingdom,
263,Baudoin Monshall,8199805359,New Zealand,
264,Shannen Kenner,8175533165,Norway,
265,Regen Babalola,4946858464,Sweden,
266,Marquita Geldeard,9329465694,Mexico,
267,Lenee Krolak,6823157839,Indonesia,
268,Anatola Bowler,5469007257,Yemen,
269,Sibbie Bowmer,3496811196,Poland,
270,Emelia Ghidotti,1839396006,Argentina,
271,Mac Marshall,3893780257,Russia,
272,Leupold Bielfeldt,6428485923,Honduras,
273,Papagena Chastagnier,3591415879,Finland,
274,Jodi Brook,4227028788,France,
275,Wynn Reck,3677651122,Czech Republic,
276,Meagan Edgeler,2376558520,France,
277,Thane Kelcher,6533675205,Greece,
278,Rochette Gelder,2288361580,China,
279,Clair Hurll,3979209238,Greece,
280,Margi Mooring,9768394622,Indonesia,
281,Karlee Flintoff,1135198747,Ireland,
282,Erie Youd,2013844417,Indonesia,
283,Douglas Melluish,6713070062,China,
284,Dory Belle,2974652964,Bulgaria,
285,Hughie Huncote,4739927992,China,
286,Jeff Raffles,1602862288,China,
287,Kristian Leivers,7137809341,Russia,
288,Mar Escalante,6951840394,Mauritius,
289,Mahalia Baylay,3988847990,Indonesia,
290,Alika Edmondson,9818018927,Madagascar,
291,Anne-corinne Hailston,5129841520,Russia,
292,Mathew Beardall,7794723292,Morocco,
293,Dalton Snoddy,2439930738,Indonesia,
294,Ferguson Ludwig,5751051148,Russia,
295,Shellysheldon Tapenden,8933822698,Sweden,
296,Jaymie Terlinden,3842064370,China,
297,Rhiamon Doumer,7504226369,Russia,
298,Amaleta Sharma,2137664197,Indonesia,
299,Jim Newbery,1572592383,Philippines,
300,Arlie Fenich,1447188521,Macedonia,
301,Yvonne D'Agostino,8963877544,China,
302,Dannye Marquand,6465345261,Myanmar,
303,Madelon Josipovic,1477584736,Ukraine,
304,Robers Vignal,8346043227,Russia,
305,Titos Corey,8658580635,Mauritania,
306,Tracie Hendriks,9711503727,China,
307,Gizela Carryer,4427720383,Portugal,
308,Tess Cersey,8875670216,China,
309,Dieter Scini,7861334586,Kazakhstan,
310,Fancie Clemett,1691191235,Russia,
311,Nikolia Pacitti,4701464057,Indonesia,
312,Genni Stiell,6553101979,Russia,
313,Tilda Champney,5038703913,China,
314,Stafani Egginson,7571554895,Poland,
315,Nancey Owbrick,5508069434,Latvia,
316,Ash Ewert,8061887193,Czech Republic,
317,Sheena Temple,1395417580,Portugal,
318,Rogers Boys,8003173095,Philippines,
319,Lusa Dodgson,1938342399,Sudan,
320,Florence Mossbee,3957458576,Indonesia,
321,Sergent Melarkey,7735989173,Indonesia,
322,Charmine Clemendot,8471532495,Ireland,
323,Sawyer Gregersen,6999918778,Ukraine,
324,Candra Garforth,8521616314,Poland,
325,Gallagher Brandle,7879294227,Norway,
326,Dedie Nabbs,8915722181,China,
327,Stacee Farnan,8433462901,France,
328,Tabbitha Denty,6535781169,Indonesia,
329,Janaya Barnewelle,1673602909,Chile,
330,Mariam Whittock,6101151297,United States,
331,Lemmy Crean,7505507766,Ukraine,
332,Marian Archell,4203193003,France,
333,Suzi Lingfoot,2132316688,Poland,
334,Jarred Brozsset,2561951290,Montenegro,
335,Orelia Stang-Gjertsen,7695607781,Russia,
336,Kin Kington,4815015235,Peru,
337,Doralynne Orrow,7576214431,Russia,
338,Nicolea Tremayne,5315577740,Canada,
339,Boycey Paradyce,2425533402,Liberia,
340,Gisela Merton,2892351385,Sweden,
341,Kristen Hoffman,5722585775,Sweden,
342,Way Toffel,2063627670,Philippines,
343,Lorilee Leedes,6822781781,Sweden,
344,Filmer Tungay,1892586671,Sweden,
345,Barnabe Mulloch,5584555120,Mongolia,
346,Cassy Chestle,4093466368,Kazakhstan,
347,Madella Bain,9851549341,Brazil,
348,Shane Mensler,5213754391,Mexico,
349,Mellisa de Clerk,3085830195,China,
350,Renata Charlotte,7436422963,Thailand,
351,Rozamond Cubbino,8259611902,Brazil,
352,Gregory Leneham,1392117344,Indonesia,
353,Rab Paszek,2884889096,Brazil,
354,Jeanie Glentz,4358174638,Portugal,
355,Panchito Doxey,7964005880,Indonesia,
356,Ardyce Dorset,1094010417,Croatia,
357,Whit Hughill,6301842589,United States,
358,Kent Pawling,4231711228,Indonesia,
359,Lauralee O' Markey,2701749746,Guatemala,
360,Jobi Genney,5907507839,East Timor,
361,Elaina Lavers,4408703381,Morocco,
362,La verne Franzetti,3507836764,Brazil,
363,Dael Windrus,6394446444,China,
364,L;urette Hallatt,5309424988,Ecuador,
365,Donnie Main,4967616651,China,
366,Heall Duce,3945011796,Philippines,
367,Emelen Atchly,6367251913,Marshall Islands,
368,Dollie Storrock,6346509837,Indonesia,
369,Melba Yegorov,2178613552,Indonesia,
370,Joletta Scrogges,8136749848,Indonesia,
371,Ole Sheed,1083279598,China,
372,Briana Robertazzi,3339210347,France,
373,Deloris Halsho,4419770765,Czech Republic,
374,Gerrilee Fraulo,2415388078,Germany,
375,Ivonne Leve,4921816684,Philippines,
376,Ellie Palmby,9106963062,South Korea,
377,Dorise Hellsdon,7714601322,Russia,
378,Clarisse Hookes,4418522931,Japan,
379,Stearn O'Doohaine,7877431936,Poland,
380,Wren Bende,2827658692,Indonesia,
381,Allie Reinbach,9994811233,Peru,
382,Gena Critoph,1832439660,Philippines,
383,Cara Fillimore,4218798534,Philippines,
384,Noami Casetti,4624818422,Brazil,
385,Ingeberg Gilchrist,7094782292,China,
386,Luce Felstead,3235386408,Greece,
387,Leland Ambrozik,4401737033,Philippines,
388,Anna-diana Haith,6817924446,Macedonia,
389,Oswell Bartoszek,8144172944,France,
390,Morey Leake,7072234061,Mexico,
391,Joey Lagne,9212370755,Japan,
392,Shaina Huckin,4667772802,Ivory Coast,
393,Enriqueta Kliment,9947651860,Indonesia,
394,June Allmen,6565776382,Indonesia,
395,Alida Mithon,5662247270,Indonesia,
396,Doria Bonnet,1939467366,Portugal,
397,Creighton Jakubovsky,3951340055,China,
398,Inger Beddis,7535317204,Portugal,
399,Alisun Gerardi,9924334635,Poland,
400,Bess Corrao,3896484313,Spain,
401,Beitris Nurcombe,4727565880,Kazakhstan,
402,Falito McComiskey,6116275512,Indonesia,
403,Melisandra Angell,1867341214,Russia,
404,Kendricks Hoy,9145686265,China,
405,Charlotta McBean,2647929179,Brazil,
406,Gordon Furnival,7605365610,China,
407,Rosella Trask,6974967167,Nigeria,
408,Alia Lambrook,3946538148,Belarus,
409,Reba Fillis,8347521057,Latvia,
410,Harmonia Vernon,8722872646,Indonesia,
411,Ruddy McGrory,6464696340,Cuba,
412,Gregoire Lickess,1192349122,Italy,
413,Shea Elcoat,6847353246,China,
414,Perice Peers,9316805204,Peru,
415,Nickolaus Westell,3789082715,Namibia,
416,Sandra Cobbin,7363222007,Indonesia,
417,Langston Hellcat,4509508447,Brazil,
418,Kettie De Biasio,4177981440,Brazil,
419,Carlynn Fandrich,7792103126,Netherlands,
420,Tedman Merigot,4053076849,France,
421,Denis Stapforth,7631825592,South Africa,
422,Kaylyn Edensor,9399732172,Iran,
423,Merna Whettleton,5539938513,Cuba,
424,Bennie Cumpsty,8532711277,Guatemala,
425,Gracie Rozalski,9379001889,Peru,
426,Constantin Gatsby,3457042736,China,
427,Carmelita Chastel,8607608031,Brazil,
428,Mano Dolby,9715525836,China,
429,Joletta Christophers,9754264374,Peru,
430,Clint MacHoste,3558678356,Brazil,
431,Nomi Conws,3598765299,Russia,
432,Hedda Goggan,6434349831,China,
433,Berty Stockney,7584474137,China,
434,Cordi Durnan,5378453791,Malta,
435,Amery Rabidge,1174826834,Finland,
436,Darcie Vannacci,5052336049,Malaysia,
437,Powell Michel,4308095891,Belarus,
438,Doti Riply,1146988716,China,
439,Estrella Blasiak,6053504166,Argentina,
440,Kania Dore,4182040957,Palestinian Territory,
441,Almeria Mourant,9065216129,Chile,
442,Casandra Meritt,4576261332,China,
443,Bobby Stellman,1032025658,Libya,
444,Dulcine Pocklington,4848599119,China,
445,Hewet Van der Velden,5785485887,Portugal,
446,Fernandina O'Neill,8068942680,Russia,
447,Meredeth Kitney,8597104108,Indonesia,
448,Tamera Eick,6256627916,Russia,
449,Inge Marchent,7786447992,Brazil,
450,Butch Andreu,6484154897,Albania,
451,Dominica Meade,4631631374,Philippines,
452,Ileana Tatterton,2824783928,Colombia,
453,Hestia Drinan,1738503040,Albania,
454,Ethelin Tegeller,8288632532,Brazil,
455,Lilia Ibell,4543363028,Vietnam,
456,Tito Venning,6423339655,Russia,
457,Cheslie Wrigley,3032824439,United States,
458,Ninon Woodier,2074057993,Madagascar,
459,Tedi Wildash,6997564393,Uganda,
460,Mannie Schoenfisch,3004846513,China,
461,Armin Baudassi,2151685426,Philippines,
462,Isaac Ormshaw,7266841194,Indonesia,
463,Darby Huglin,8237379098,Thailand,
464,Theo Yedy,8318496474,China,
465,Shanda Pierrepont,9314620374,China,
466,Evelin Honniebal,4233489992,Philippines,
467,Shelby Gwyer,5596898274,Philippines,
468,Eartha Wason,1711155119,Poland,
469,Yetta Hallibone,5385927505,Montenegro,
470,Yoko Tremouille,8157703374,Kazakhstan,
471,Junette Honack,3521244098,Ukraine,
472,Arden Spurrior,7677308724,Palestinian Territory,
473,Ida Autrie,5208368349,Canada,
474,Cecelia Gooderick,5048177953,Greece,
475,Rudd Gregoire,4599810948,Indonesia,
476,Jacquenette Mungane,1139702941,Canada,
477,Nealy Davidovics,5126895849,Canada,
478,Danyelle Cregin,5107920404,Indonesia,
479,Lowe Paoletto,1271514504,Thailand,
480,Edward Ellse,4166602928,Costa Rica,
481,Aldo Joan,4948449857,Serbia,
482,Sheffie Quilleash,2602415508,Guinea,
483,Elinor Baume,8167344823,Japan,
484,Fernande Sumbler,6148701292,Slovenia,
485,Matteo Batrim,5141562846,Philippines,
486,Sutherlan Sancroft,8718141338,South Korea,
487,Fredericka Persence,7749527575,China,
488,Tracie McAlpine,5442944343,Thailand,
489,Hammad Le Clercq,5238010140,Pakistan,
490,Freemon Middleweek,3873215839,China,
491,Janeta Niset,8327267999,Sierra Leone,
492,Arabelle Romi,9092639174,Indonesia,
493,Liesa Carlens,1993624451,Colombia,
494,Sarene Luety,8087002934,Indonesia,
495,Broddie Anthony,4587079315,Moldova,
496,Hulda Mounsey,9154198869,Greece,
497,Dan Feavyour,9155299311,Myanmar,
498,Melly Kurten,7619624198,Mexico,
499,Rosamond Hadlee,4106782226,United States,
500,Halley Pallant,1553385504,Morocco,
501,Rhody Clogg,7581439404,China,
502,Joete Silber,7477747227,Jordan,
503,Cory Watford,2336019122,Indonesia,
504,Udale Kelsall,1426870248,Peru,
505,Gusty Rowe,5015214290,United States,
506,Goddard Sugg,5606182711,Brazil,
507,Rowland Barras,4645083032,Brazil,
508,Phaidra Toderini,7679457235,Dominican Republic,
509,Quinta Hevey,4566477452,China,
510,Boyce Emberton,5748065771,Indonesia,
511,Wilhelmina Dana,3097462936,Kazakhstan,
512,Blinny Lauret,4553282342,Uruguay,
513,Eachelle Bridgnell,4352135348,China,
514,Meredith Allcott,1089670384,Colombia,
515,Kally Dudliston,2654617,United States,
516,Mellie Say,9236635712,Indonesia,
517,Sadella Scriver,6423175629,China,
518,Coletta Troucher,8715140006,Afghanistan,
519,Augie Vellden,2192212190,Iraq,
520,Araldo Stockwell,4248922283,Peru,
521,Annetta Brecken,7615346712,France,
522,Oswell Frearson,4091220717,Indonesia,
523,Willy Stubs,7384221505,Mexico,
524,Germain South,7143476144,Indonesia,
525,Spence Kinton,9179500438,Indonesia,
526,Burnard Pitkin,5627877780,Saint Lucia,
527,Harris Spilsted,4649644501,Democratic Republic of the Congo,
528,Aguie Hallede,2125189194,Philippines,
529,Giulietta Cartlidge,6726339714,Colombia,
530,Ingamar Erwin,5881334931,Afghanistan,
531,Ignacio Percifull,2703056467,China,
532,Netti Loadwick,9454676259,China,
533,Morgana Thaim,3262587116,Greece,
534,Trude Ecclestone,9902370424,Indonesia,
535,Tyrone Benjamin,6357366254,China,
536,Cristal Sprake,6143639155,Peru,
537,Palm Basilio,2218633967,France,
538,Henri Chaves,7329050420,Indonesia,
539,Vicki Lunney,5067950819,Bolivia,
540,Ariadne Gerger,5462103612,China,
541,Tori Auguste,5057420292,Tanzania,
542,Sumner Huburn,5626821412,Sweden,
543,Helyn Bendle,3916845313,Estonia,
544,Roxi Courtois,5411662314,Morocco,
545,Pammie Ruckman,5606464408,Colombia,
546,Cordi Hanford,4827442920,Bahrain,
547,Lethia De Ortega,4842806125,China,
548,Sid Tombling,2389640978,Indonesia,
549,Marney Niessen,6337562607,China,
550,Karry Chandler,1378570519,France,
551,Jareb Horning,6077877161,Croatia,
552,Faydra Corless,2912292311,Peru,
553,Kale Rihosek,3786640403,Serbia,
554,Giraud Taye,3169948593,China,
555,Bevan Crimin,5014068859,Poland,
556,Nikolia Kristiansen,8555097184,Russia,
557,Nettle Renahan,4497904718,Czech Republic,
558,Marylinda Birney,7347345037,Portugal,
559,Fanni Bumpass,8479103401,South Africa,
560,Liuka Deinert,5503307285,Yemen,
561,Dorice Hutcheon,1542634474,Indonesia,
562,Emelda Sheeres,4188969131,Peru,
563,Tommy Dalloway,3824174947,Portugal,
564,Savina Knolles-Green,7984873427,Tanzania,
565,Thacher Joskovitch,1199010177,Armenia,
566,Gavra Martinetto,5731357888,Peru,
567,Fredia Breslane,6586721257,Russia,
568,Adelle Dyter,6473687166,Indonesia,
569,Suki Witson,2835830470,China,
570,Katalin De Nisco,5786863572,China,
571,Cami Gantlett,5109601369,Indonesia,
572,Travers MacGragh,3359920961,Portugal,
573,Berty MacNamara,6293628111,China,
574,Adrea Hardwin,3012018250,Nigeria,
575,Jeromy Jose,9536080218,Poland,
576,Mickie Adnet,3417791260,France,
577,Paige Bearham,4892424124,Philippines,
578,Shirleen Daveran,3839105559,Ecuador,
579,Windham Rayer,4848443374,Russia,
580,Guss Lyddiard,7712335358,China,
581,Mendie Brayson,8966342535,Japan,
582,Angie Caughan,8401512602,Poland,
583,Toddie Whitcombe,8525712598,Japan,
584,Petronille Joll,6601016950,Serbia,
585,Stillmann Arbon,1144841415,China,
586,Ivette Heinzel,7734677128,Philippines,
587,Aldridge Titchmarsh,3157991613,United States,
588,Rozanna Rowbottom,3799381565,China,
589,Hamil Seggie,5139947118,China,
590,Englebert MacCart,9942800334,Myanmar,
591,Monika Corten,7904905468,Russia,
592,Connor Christopher,9368375736,Russia,
593,Angelle Enoksson,1455329340,Thailand,
594,Panchito Newiss,6922492420,Russia,
595,Syd Godfroy,6719601440,Greece,
596,Rhody Lomasna,9857801110,Philippines,
597,Willette Vynehall,2655405389,Portugal,
598,Clarita Coetzee,6708065140,Egypt,
599,Lena McKall,7355389839,China,
600,Orly Plevey,1298981412,China,
601,Katy Yearnes,2979209680,Indonesia,
602,Sergeant Von Salzberg,6476862163,Philippines,
603,Ilse Ervin,6129058589,Paraguay,
604,Brennan Matfield,8018046001,Croatia,
605,Donelle Bodycombe,8815086128,China,
606,Mitzi Croad,7904687458,Japan,
607,Terrijo Loins,4306206972,Russia,
608,Gretal Fraser,3337760545,China,
609,Brewer Treadger,5137932641,Colombia,
610,Michaelina Van Der Weedenburg,2465917948,Russia,
611,Rodrique Loche,3458781950,Belarus,
612,Carree Lanceley,6547836720,Argentina,
613,Ondrea Render,3082165933,Nigeria,
614,Olly Tesmond,1429909588,Finland,
615,Drucy Rupke,4369148839,Nigeria,
616,Arielle Martinet,4139585912,Uruguay,
617,Nettie Huggett,6493765279,Sudan,
618,Lorin McGruar,8511379886,Brazil,
619,Hilary Chilver,6427789211,China,
620,Katleen Duerden,2531368207,Philippines,
621,Julius Churchard,2892375654,Finland,
622,Allianora Condict,9424984625,Japan,
623,Rebbecca McNeely,1166295325,Mauritius,
624,Morena Draysey,2052205013,Portugal,
625,Kelsi Rodge,8675657468,Barbados,
626,Gene Cuel,4731463884,Philippines,
627,Conan Pointing,6934739063,Bosnia and Herzegovina,
628,Isiahi McLay,6717402815,Niger,
629,Nollie McElhinney,9235551129,Czech Republic,
630,Kennan Tomini,1325814949,Belarus,
631,Rosabel Devlin,2438880057,Bangladesh,
632,Aguie Gossington,3643827230,Indonesia,
633,Rosetta Hearthfield,4328333786,Poland,
634,Abbie Venour,8566722733,Guatemala,
635,Vally Stolte,3937249393,Indonesia,
636,Norby Kolczynski,2645214222,Colombia,
637,Paige Melbourne,5693118765,Ecuador,
638,Hermy Tuck,8113135845,China,
639,Yuri Matissoff,3275123848,China,
640,Kari Outright,2097312598,Czech Republic,
641,Britta Pidduck,3208056761,China,
642,Barris Quelch,3048482600,Hungary,
643,Aubrey Mucci,6901689223,Portugal,
644,Kevin Smidmore,3414147850,Russia,
645,Olag Mussett,7167854405,Lithuania,
646,Mayne Risebrow,8502118282,Japan,
647,Oran Snodin,3488583520,New Zealand,
648,Lanette Craigmile,8601330507,Canada,
649,Thekla Ortiger,6777944816,Indonesia,
650,Heather Flea,2518852891,China,
651,Karlotta Wildber,8655712742,Peru,
652,Huberto Coye,3702598193,Colombia,
653,Lari Fillgate,1722204508,France,
654,Hedy Fiske,2763884029,Bosnia and Herzegovina,
655,Maynord Plant,9496958606,China,
656,Yolane Chazerand,9159953604,Peru,
657,Wylie Tesh,6616614832,China,
658,Cheslie Apperley,5782842905,Sudan,
659,Coreen Bartens,1623432385,Russia,
660,Mignon Shasnan,4591429458,China,
661,Nanice Kirmond,3292701460,Chile,
662,Lea Witherup,6513065413,Brazil,
663,Emmeline McKitterick,7977909477,Ethiopia,
664,Mira Rivilis,9806052117,Thailand,
665,Kip Girvan,5422084175,Philippines,
666,Angelina Tiernan,2826749531,Dominican Republic,
667,Arie Claricoats,9594673778,Estonia,
668,Samson McIlriach,7757775205,Cameroon,
669,Konstantin Reichert,9132237943,Indonesia,
670,Veronike Lattimer,3538412088,United Kingdom,
671,Genia Crunkhorn,8141189296,China,
672,Hilary Johncey,8588224243,Mauritius,
673,Evangelia Boddice,7055241999,Oman,
674,Libbi Phlippsen,1156031247,Philippines,
675,Reed Tatlow,2325919567,Indonesia,
676,Daffy Landes,8922034205,Mauritius,
677,Lisha Addinall,8388604466,Brazil,
678,Tiebold Warrener,7156649967,Indonesia,
679,Mark Perfili,2754673200,Poland,
680,Hube Jedras,4078167797,Iraq,
681,Esteban Chilvers,8335654882,China,
682,Rica Coath,6273934044,China,
683,Glennis Land,2935260366,Uganda,
684,Vinny Kaindl,5338424343,Belarus,
685,Tanitansy Oldrey,4144572909,Philippines,
686,Ginnifer Tovey,2263614031,Japan,
687,Isadore Canby,6083450138,United States,
688,Evered Mycroft,1071685440,Gambia,
689,Derward Rucklesse,2325363982,Spain,
690,Sax Bracci,1209235655,Russia,
691,Hermie McDowell,9866729776,Peru,
692,Sula Harbinson,5971181682,Madagascar,
693,Sula Biaggiotti,7269457493,Portugal,
694,Janella Abrams,7418015524,China,
695,Lanita L'Amie,1514950422,China,
696,Jasper Fuzzens,1793977199,Portugal,
697,Rubie Doy,8325687694,United States,
698,Sheba Broek,7863491664,Uganda,
699,Robbie Riby,7135961360,Dominican Republic,
700,Derron Klugman,6565370200,Philippines,
701,Brooke Hanretty,5889353170,Philippines,
702,Kendrick Burdfield,1481702331,China,
703,Demetra Trathan,3838792117,Sweden,
704,Stanislaw O'Dare,3802073543,China,
705,Darrin Concannon,1854340401,Ukraine,
706,Winnah Dansie,6789573294,Tanzania,
707,Zsa zsa Nekrews,6986634717,Czech Republic,
708,Hasty Frid,7322127999,China,
709,Gnni Matousek,5382545189,Russia,
710,Caspar Swinley,8935972141,Latvia,
711,Isac Denton,8461510397,Russia,
712,Sibby Noyes,6278418047,Russia,
713,Ibby Cumming,3094950274,Russia,
714,Cristian Rumble,5313946756,South Africa,
715,Lesli MacCaghan,9943602191,Indonesia,
716,Maryjane Blenkhorn,2981158278,Philippines,
717,Marnia Stephen,7469382726,Indonesia,
718,Rey Pallatina,1438667345,Russia,
719,Othilia Barwise,8383940081,Russia,
720,Marlin Normanville,4021923531,Indonesia,
721,Basilius Sheara,8235108488,Poland,
722,Yetta Wolfendale,1152929673,Brazil,
723,Mandi Dowers,6735656177,Russia,
724,Jule Frichley,7433200610,Argentina,
725,Udell Sawnwy,9551292054,Sweden,
726,Chane Winstanley,7621080699,Indonesia,
727,Bonny Frankes,9981295932,Russia,
728,Anabel Balmadier,8726097805,Mexico,
729,Merill Yerlett,1518165667,Japan,
730,Dulciana Corona,4039459424,Russia,
731,Kelcie Cockerell,5433754043,China,
732,Carter Cradock,1706606139,Sweden,
733,Lawry Bloomer,7074933219,Portugal,
734,Tobias O'Loinn,4695964498,Germany,
735,Murdoch Belone,3301253752,Sri Lanka,
736,Estell Enric,1062994736,China,
737,Florence Crambie,7884059026,Thailand,
738,Andy Gregan,6875340618,Serbia,
739,Goldia Mc Combe,9799664838,North Korea,
740,Mickey Breed,6886162158,Sweden,
741,Marsiella Poyner,8779406371,Egypt,
742,Brigham Ilewicz,3073737318,Costa Rica,
743,Darell Latehouse,4397979252,Indonesia,
744,Margarette Howsin,3946858673,Greece,
745,Billy Zanneli,4863947755,Indonesia,
746,Irita Phair,9108037222,Madagascar,
747,Michail Van Salzberger,6779696724,Mongolia,
748,Gothart Simonou,9162294772,Philippines,
749,Meryl Lapwood,4137950683,United States,
750,Horten Ramelot,1923214341,Russia,
751,Mala Stealfox,5133746988,Bahamas,
752,Bee Funnell,3208859631,China,
753,Clementia Bartolomeazzi,6326133490,Brazil,
754,Silvan Belchambers,2031463105,Canada,
755,Pryce Cromer,1022935299,Russia,
756,Genna Daspar,2573271153,Russia,
757,Rozelle Hawkeswood,5121540639,Nigeria,
758,Juanita MacVay,4249223375,China,
759,Jarvis Baukham,4185609220,China,
760,Shepherd Byars,5675003186,Greece,
761,Siobhan Cutforth,6363358818,Portugal,
762,Meade Cuff,6793930197,Mongolia,
763,Joby Johansen,9614549529,Denmark,
764,Grantley Giacomucci,5581108177,Philippines,
765,Gerick Standbridge,2527076645,Japan,
766,Jermaine Strewthers,8039510180,Brazil,
767,Danie McCritichie,6179985604,Finland,
768,Aylmer Wakenshaw,6451688651,Albania,
769,Rozina Reasce,8193529279,China,
770,Alexander MacCrackan,6313229490,Philippines,
771,Cinnamon Joiris,9993848142,Greece,
772,Leila Beedon,4245842872,Madagascar,
773,Mella Vergine,8179892731,Indonesia,
774,Craggy Pagelsen,3506930580,Iran,
775,Hermon Eudall,5172166970,China,
776,Petr Terram,7194819321,China,
777,Spense MacComiskey,1853728373,China,
778,Denys Goady,7381118621,China,
779,Halli O'Hartnett,9097980868,Afghanistan,
780,Jeanine Schout,1549238656,Philippines,
781,Kristofer Westgarth,9509169587,Armenia,
782,Skippie Mercy,3952388620,Portugal,
783,Quinn Scarth,1475058186,Honduras,
784,Brooks Konzel,5453808464,Paraguay,
785,Gaspard Le Friec,8457631701,Czech Republic,
786,Philip Pitchford,9797715444,Brazil,
787,Letizia Boake,8223663900,United Kingdom,
788,Boote Ridel,5495330254,Indonesia,
789,Lindsey Hitscher,2644626775,Ivory Coast,
790,Martin Gibbieson,7849675807,Israel,
791,Teddie Jervois,5367458090,Philippines,
792,Haslett Laise,1199415228,China,
793,Piggy Feake,1658462229,Micronesia,
794,Brooks Bovaird,1616561251,Russia,
795,Haleigh Clelle,3347310483,Ukraine,
796,Randy Herley,4332599517,France,
797,Illa Billiard,6676969682,Ukraine,
798,Maxy Ollive,4167873419,Brazil,
799,Tris Victory,6258853253,Ghana,
800,Timoteo Stallibrass,6216837493,China,
801,Artair Roocroft,5436790419,Indonesia,
802,Johannes MacCart,4861685317,China,
803,Husain Keasy,3732266525,Czech Republic,
804,Paco Renvoise,4632034317,Philippines,
805,Tyler Ruddock,5681999611,Poland,
806,Nickie Kornilov,6487668163,Thailand,
807,Aigneis Swindall,9485117116,Madagascar,
808,Maryjo Lohan,6798380254,Argentina,
809,Fleur Sayers,9835614028,Indonesia,
810,Lesli Liebermann,7361837217,Madagascar,
811,Jenn Bennell,1697348355,Hungary,
812,Ty Garrud,3977925968,Indonesia,
813,Nerta Children,5494569338,China,
814,Isabelle Liven,2125682969,Albania,
815,Jessalin Davenhall,1783716970,Ukraine,
816,Chester Odam,6469265879,Argentina,
817,Seymour Chalcroft,2364520847,China,
818,Ashlee Scotchforth,5873212981,France,
819,Dana McNalley,8996041682,China,
820,Sanders Hearty,6876501048,Ireland,
821,Kare Kaley,1576758020,China,
822,Heddi Casson,6544360257,Sweden,
823,Hayyim Gleave,3383348948,Croatia,
824,Dore Duckitt,9389660449,France,
825,Humberto Orrick,9213983791,Colombia,
826,Bernie Groucock,9892334474,Poland,
827,Lisabeth Whetnall,8288064232,Japan,
828,Melodee Allebone,5815665263,Syria,
829,Bobbette MacSherry,4161377865,Peru,
830,Benedetto Meaden,9057276621,South Korea,
831,Hurley McLemon,6834986087,Russia,
832,Gayler Sowthcote,8091975861,China,
833,Irvine Bryning,9861248221,Luxembourg,
834,Debera Yirrell,6084210312,Argentina,
835,Angelle Kopman,5625709783,China,
836,Deidre Billanie,4267704440,Brazil,
837,Tanny Dutt,5167452857,China,
838,Lavina Vel,2648314097,Philippines,
839,Mechelle Villalta,5648992120,Indonesia,
840,Rusty Furze,9768383223,Malaysia,
841,Huntley Ingold,5977976603,Philippines,
842,Ardenia Costa,1166513459,Indonesia,
843,Rosemaria Boynes,1481836129,Finland,
844,Kaine Whittle,6269462514,China,
845,Graig Ketteridge,4718075370,China,
846,Junette Lafrentz,8499042249,Norway,
847,Ki Skippings,6728958752,Tajikistan,
848,Ryann Fassbender,6771782190,Cuba,
849,Burr Luney,5942240297,Bulgaria,
850,Red Checklin,4714364574,Mali,
851,Nap Trathen,6283392972,Portugal,
852,Harland Greenmon,8585408221,China,
853,Rustie Walkley,6531496631,El Salvador,
854,Menard Southan,7382502361,France,
855,Fawnia Luckman,3337426292,Angola,
856,Lonnard Hewkin,2715572184,China,
857,Cari Dutson,6893656918,Indonesia,
858,Hayes Dolley,2224976617,Czech Republic,
859,Christye Vassar,5683328515,China,
860,Brear O'Grady,1401119161,China,
861,Ned Mulbery,9496930678,China,
862,Avis Moulster,1521465144,Indonesia,
863,Ave Donneely,8251812033,Philippines,
864,Deloris Barde,7347883416,Philippines,
865,Stacy Carlick,2139795971,Brazil,
866,Cyndie Torre,5093954474,Sweden,
867,Odessa Boyett,6167145633,Pakistan,
868,Jsandye Sandbrook,7538253523,Greece,
869,Howard Forgan,1253557075,South Korea,
870,Shari Lillywhite,8246119388,Kazakhstan,
871,Adrienne Bridgstock,9926506848,Indonesia,
872,Fredericka Hussy,9128871141,China,
873,Anabella Dew,3706308714,China,
874,Adoree Costen,7437361646,Japan,
875,Marigold Thew,6435121198,Colombia,
876,Westbrooke Dennitts,9177728292,Belgium,
877,Alphonse Ivchenko,2058139941,United States,
878,Valery Stefi,5933087320,Indonesia,
879,Minne Maudett,5717510104,United States,
880,Kennedy Maddicks,8527069956,Canada,
881,Marius de Merida,8915030063,South Africa,
882,Gwenore Badland,2272234133,Senegal,
883,Cindy Hurdis,3507684013,Libya,
884,Shellie Eustace,4626552200,China,
885,Shaine Davidovitch,3611939567,Brazil,
886,Rodolfo Whorton,4123054819,Poland,
887,Jeniffer Mushrow,6046608079,Kazakhstan,
888,Fonsie Abrahams,3865325752,Colombia,
889,Boniface Yatman,8519077755,Philippines,
890,Dominique Sustin,5875317715,Philippines,
891,Gwenore Marcinkus,2884939522,Indonesia,
892,Christyna Blazynski,2476696696,Lithuania,
893,Reidar Nowill,9619835601,Czech Republic,
894,Myrtie Corbyn,9373264044,China,
895,Arly Pellatt,2961137003,Russia,
896,Florian Petken,9193817035,Greece,
897,Bertina Artis,9132264886,France,
898,Arlina Comettoi,8419087482,Poland,
899,Keelia Benet,7793042816,Argentina,
900,Elia Kyles,2741701233,Peru,
901,Shayla Hallatt,6519714182,Czech Republic,
902,Baillie Drohane,5475775761,Honduras,
903,Matthew Beavors,5423095708,Syria,
904,Remington Whitchurch,9337409279,China,
905,Ulla Knock,1789748604,Spain,
906,Bride Mazdon,9023678075,Vietnam,
907,Kanya Collop,5007585333,Russia,
908,Ortensia Mashro,5869997554,Peru,
909,Riki Burdge,3006652682,Israel,
910,Devi Tuffs,3752506140,China,
911,Son Sanderson,2476786273,Poland,
912,Sidonnie Beagen,9062496878,China,
913,Thia Yele,7463042640,Poland,
914,Gabby Entres,5886441706,Philippines,
915,Katrinka Scowcraft,2539743110,Philippines,
916,Krissy Swaddle,5008132315,Brazil,
917,Isac O'Hara,2583556866,Kenya,
918,Clary McQuin,6771013011,Kazakhstan,
919,Dorotea Labrenz,3908814040,Philippines,
920,Godart Jewson,4168876437,Canada,
921,Mario Stanes,6926091112,China,
922,Cassi Fairweather,9434719845,China,
923,Neddie Eastlake,5791260811,China,
924,Loni Dowbakin,1835820549,Philippines,
925,Spike Schulze,3602590925,Nigeria,
926,Rubina Blondelle,2175286072,Japan,
927,Selle Owlner,7502429684,Sweden,
928,Pincus Lugsdin,6843473971,Greece,
929,Lucio Loxton,9517726930,Vietnam,
930,Jory Sandwick,6096494349,Ukraine,
931,Sheffield Taffs,7459111526,China,
932,Odelia Dibb,2042500164,China,
933,Dyna McCandie,7005699655,China,
934,Wanda Fleeming,1843560778,Kazakhstan,
935,Elissa Shipsey,5204015204,Israel,
936,Siegfried Dorant,2749186873,Philippines,
937,Sophie Bruckstein,2215100236,Ukraine,
938,Barrett Redler,4046828614,China,
939,Jeanelle Pechard,9162221737,United States,
940,Deloria Kliemchen,5115895182,Brazil,
941,Brice Stores,6666585150,Argentina,
942,Ravi Koop,5942354155,Philippines,
943,Emmanuel Milesap,9125156448,China,
944,Calla Whittenbury,6798049497,Vietnam,
945,Hildegarde Hartil,2521492042,Kenya,
946,Rayner Woolmer,2878530678,Netherlands,
947,Isac Jenks,3279425874,Portugal,
948,Cordy Gatty,2511184248,Indonesia,
949,Susette Harbison,5318189326,China,
950,Odella Shillaber,8997434642,Philippines,
951,Dolly Offell,3924299741,Malaysia,
952,Gwendolin Emerson,7266264144,Greece,
953,Noelle Keasey,6051107609,Brazil,
954,Moises Yushmanov,7864441008,Philippines,
955,Riva Crosio,2283970847,Indonesia,
956,Yuma Reay,2992667448,China,
957,Patsy Nassy,8033010295,China,
958,Sibylle Rumbold,9688229659,Serbia,
959,Dene Wilcox,6988605862,Portugal,
960,Janice Downham,7727238884,Sierra Leone,
961,Aluino Adiscot,2543393905,Indonesia,
962,Raleigh Schoolfield,4575966444,Peru,
963,Rabbi Garrand,2101540530,Pakistan,
964,Missy Oag,4631829672,Russia,
965,Arlyne Maypole,8399385521,China,
966,Teirtza Prendiville,5128344013,Uzbekistan,
967,Korella Antic,8497257751,Kenya,
968,Lexine Morrilly,5537059409,China,
969,Erda Trowsdall,3746106843,Japan,
970,Shoshanna Wogdon,9492789313,China,
971,Lindsay Pimlock,8765420438,Ghana,
972,Allison Douch,5064626983,Philippines,
973,Meridith Colafate,6919135390,Slovenia,
974,Gerri Orange,2568131736,Canada,
975,Marylinda Conybear,7702332503,Guatemala,
976,Odey Quinet,2766280036,Pakistan,
977,Lynna Palethorpe,2955438538,China,
978,Donnamarie Murie,6953565754,Cyprus,
979,Hermie Grafhom,6621290528,Philippines,
980,Chas Laurenceau,9229400904,China,
981,Linnet Robley,3783066888,Indonesia,
982,Calla Bedinn,7062318455,Sri Lanka,
983,Bessie Ladson,2934683002,Mexico,
984,Katusha Dielhenn,1211670118,Mongolia,
985,Gale Pugh,6949733164,Ukraine,
986,Raimundo Weatherdon,8099746121,Russia,
987,Lorie Gumm,4385711211,Sweden,
988,Damara Ravel,6926790836,Brazil,
989,Eula Calder,6423234824,Russia,
990,Matthaeus Schusterl,7433681195,Poland,
991,Angel Hannaway,5385411525,Indonesia,
992,Colman Ropp,8539419819,Indonesia,
993,Marybeth Harken,4031556665,Sweden,
994,Hayley Pfeuffer,8917948976,China,
995,Fae Mariot,9343711534,Nepal,
996,Bari Tilley,8786788144,Indonesia,
997,Anabella Tatford,2919375892,Poland,
998,Esme Comelini,8947405363,Japan,
999,Celestia Godlee,3872101376,Iran,
1000,Lolita Wartnaby,8419415440,Poland,
1001,Do Dinh Tien,0366947190,Viet Nam,
1002,tien,0904221102,Ha noi,
